姓名,朝代,生卒年,职称,代表作,著作,简介,影响力
鲁班,春秋,约公元前507年—约公元前444年,匠师/工匠祖师,鲁班锁；云梯；磨；石磨,,春秋时期鲁国工匠，被尊为中国木工、建筑业的祖师爷，发明了锯子、刨子、钻子等木工工具，传说创造了云梯和木鸢。,10
阳城延,汉,生卒年不详（西汉）,将作大匠,未央宫扩建；长安城营建,,西汉建筑官员，曾主持长安城及未央宫营建工程，是西汉时期著名的宫廷建筑主管官员。,5
蒋少游,北魏,生卒年不详（北魏）,将作大匠,洛阳太极殿；洛阳城规划,,北魏著名建筑师，主持迁都洛阳后的都城营建，设计太极殿等宫殿建筑群，为北魏建筑鼎盛时期的代表人物。,6
宇文恺,隋,555年—612年,将作大匠,隋大兴城（长安城）；隋东都洛阳城；仁寿宫,《东都图记》；《明堂图议》；《释疑》,隋朝著名建筑师，主持设计并营建了隋大兴城（即唐长安城），这是中国历史上规划最为严整的都城，面积达84平方公里，其规划思想对日本奈良、京都等城市产生深远影响。,9
阎立德,唐,约593年—656年,将作大匠/工部尚书,唐昭陵营建；翠微宫；玉华宫,,唐代著名建筑师，唐太宗时期的工部尚书，主持营建昭陵等大型皇家建筑工程，与其弟阎立本（著名画家）并称，是唐代建筑与艺术的代表人物。,7
李春,隋,生卒年不详（隋代）,匠师,赵州桥（安济桥）,,隋代著名工匠，设计并主持建造了世界上现存最早的石拱桥——赵州桥（安济桥）。赵州桥建于公元605—617年，净跨37.02米，采用创新的敞肩拱结构，比欧洲同类结构早700余年，是世界桥梁史上的里程碑。,10
喻皓,宋,约920年—约995年,都料匠,开封开宝寺塔（铁塔）；杭州梵天寺木塔,《木经》（三卷，已失传）,北宋初年著名建筑工匠，以精通高层木结构建筑著称，撰写了中国第一部建筑专著《木经》（已失传）。曾主持修建开封开宝寺木塔，采用预应力技巧处理地基沉降，其建筑技艺被同时代文人沈括记录于《梦溪笔谈》中。,9
李诫,宋,1065年—1110年,将作监,辟雍宫；龙德宫；棣华室；五侯府；朱雀门；开封府衙,《营造法式》（三十四卷）；《续山海经》；《琵琶录》；《马经》,北宋著名建筑师和建筑学家，官至将作监（相当于建设部部长）。主持编写《营造法式》，这是中国现存最完整的古代建筑技术规范，涵盖建筑设计、施工技术、材料规格、劳动定额等，是古代建筑史上的划时代巨著。,10
刘秉忠,元,1216年—1274年,太保/中书令,元大都（北京城前身）规划；元上都,《藏春集》,元朝著名政治家和城市规划师，主持规划元大都（今北京城的前身），其规划格局影响了明清北京城的形制，被誉为'北京城的设计师'。,9
也黑迭儿,元,生卒年不详（元代）,将作院使,元大都宫殿群,,元代著名建筑师，元世祖忽必烈时期主持营建元大都宫殿，是元朝宫廷建筑的重要设计者，其工程融合了蒙古、汉、藏等多民族建筑艺术风格。,7
蒯祥,明,1397年—1481年,工部左侍郎,北京故宫承天门（天安门）；北京故宫三大殿；裕陵,,明代著名建筑工匠，以木工起家，凭借精湛技艺升至工部左侍郎。主持设计和建造了北京故宫的承天门（天安门前身）、三大殿等核心建筑，被明英宗赞誉为'蒯鲁班'，是北京故宫建筑群的最重要设计者之一。,10
阮安,明,约1380年—约1453年,宦官/工程总管,北京三大殿修复；北京城池扩建；通惠河疏浚,,明代著名建筑工程师，虽为宦官，但精通建筑与水利工程，主持了多次北京城的重大建设工程，包括三大殿修复、城池扩建和通惠河疏浚，在明代建筑史上地位举足轻重。,8
计成,明,1582年—约1642年,造园家/匠师,东第园（扬州）；寤园（常州）；影园（扬州）,《园冶》（三卷）,明代著名造园家，撰写了中国第一部系统论述造园艺术的专著《园冶》（1634年），涵盖造园的立意、相地、布局、叠山、理水、建筑等全方位理论，被誉为世界造园学的经典之作，对日本、欧洲园林艺术均产生影响。,10
冯巧,明末清初,生卒年不详（明末清初）,工部工匠,明末清初宫殿营造,,明末清初著名工匠，技艺精湛，曾任职于工部，多次负责宫殿营造事务，是梁九的师父，对清初宫廷建筑技艺的传承起到重要作用。,6
梁九,清,约1618年—约1698年,工部工匠/样式房总管,故宫太和殿重建；景山诸殿,,清代著名建筑工匠，师从冯巧，主持康熙年间太和殿的重建工程。太和殿是现存规模最大的古代木构建筑，梁九以精湛技艺保证了工程质量，被誉为清初建筑业的最杰出匠师。,9
雷发达,清,1619年—1693年,样式房掌案（样式雷始祖）,圆明园；颐和园；避暑山庄；清西陵；清东陵,样式雷图档（烫样）,清代著名建筑师，样式雷世家创始人，凭精湛技艺得到康熙赏识，进入宫廷样式房任掌案。此后雷氏家族历经八代（约200年），负责几乎所有清代皇家建筑的设计，留下的建筑图档（烫样）是中国建筑史上无与伦比的珍贵遗产。,10
张涟,明末清初,约1587年—约1671年,造园叠山匠师,弇山园（太仓）；豫园修缮（上海）,,明末清初著名造园叠山匠师，以叠石造山技艺享誉江南，开创了'张氏叠山'流派，影响清代宫廷叠山造园，其子张然继承衣钵，进入清宫主持御苑造园工程。,7
张然,清,约1625年—约1700年,宫廷叠山匠师,玉泉山静明园叠山；瀛台修缮,,清代著名宫廷造园叠山匠师，张涟之子，继承父业进入清宫，主持玉泉山静明园等皇家园林的叠石造山工程，代表了清代皇家园林叠山艺术的最高水平。,7
李冲,北魏,450年—498年,尚书仆射（主管营建）,北魏洛阳城营建,,北魏孝文帝时期的著名官员和建筑主管，与蒋少游共同主持北魏迁都后洛阳城的营建工程，奠定了洛阳作为北朝政治文化中心的城市格局。,7
张志纯,元,约1195年—约1275年,全真道士/营建监管,永乐宫（芮城）壁画工程监造,,元代著名道士及建筑监管者，主持山西芮城永乐宫的营建工程，永乐宫保存了中国面积最大的元代道教壁画（1000余平方米），是元代建筑与绘画艺术的集大成之作。,7
